pays,population_totale_2017,croissance_pop_2012_2017_pct,pib_habitant_usd,indice_stabilite_politique,indice_score_epi,conso_volaille_kg_hab,conso_volaille_pct,importations_volaille_kg,tdi_volaille_pct
Afghanistan,36296113.000,16.478,533.339,-2.790,37.740,1.530,17.810,29000000.000,50.880
Afrique du Sud,57009756.000,7.906,6612.920,-0.280,44.730,35.690,59.470,514000000.000,23.570
Albanie,2884169.000,-1.027,4492.285,0.370,65.460,16.360,34.430,38000000.000,74.510
Algérie,41389189.000,10.714,4080.111,-0.920,57.180,6.380,35.350,2000000.000,0.720
Allemagne,82658409.000,2.082,45281.719,0.570,78.370,19.470,22.180,842000000.000,35.740
Angola,29816766.000,18.754,4039.177,-0.390,37.440,10.560,44.970,277000000.000,86.830
Antigua-et-Barbuda,95426.000,5.549,16924.339,0.730,59.180,54.100,75.110,7000000.000,100.000
Arabie saoudite,33101179.000,13.536,23227.385,-0.650,57.470,43.360,80.120,722000000.000,53.960
Argentine,43937140.000,5.226,14532.501,0.160,59.300,42.240,38.620,8000000.000,0.370
Arménie,2944791.000,2.100,3954.581,-0.630,62.070,16.060,35.180,35000000.000,76.090
Australie,24584620.000,7.338,57085.773,0.880,74.120,47.650,39.190,16000000.000,1.250
Autriche,8819901.000,3.736,47157.249,1.030,78.970,18.200,20.870,110000000.000,42.640
Azerbaïdjan,9845320.000,6.267,4099.573,-0.750,62.330,13.110,38.470,27000000.000,20.610
Bahamas,381755.000,4.998,31337.130,0.980,54.990,43.170,64.390,24000000.000,80.000
Bangladesh,159685424.000,5.748,1781.644,-1.250,29.560,1.500,37.130,0.000,0.000
Barbade,286232.000,0.892,19692.761,0.950,55.760,46.780,65.550,2000000.000,11.760
Bélarus,9450231.000,0.352,5763.124,-0.060,64.980,27.980,34.340,21000000.000,4.340
Belgique,11419748.000,3.017,44029.818,0.420,77.380,12.650,19.230,338000000.000,42.200
Belize,375769.000,11.174,6112.673,0.030,57.790,25.690,62.520,0.000,0.000
Bénin,11175198.000,14.862,1054.974,0.030,38.170,14.400,71.110,123000000.000,87.230
Bolivie (État plurinational de),11192855.000,7.855,3306.306,-0.280,55.980,36.000,50.430,1000000.000,0.190
Bosnie-Herzégovine,3351525.000,-7.030,5345.020,-0.350,41.840,16.700,46.350,10000000.000,14.080
Botswana,2205080.000,8.116,7104.974,1.010,51.700,3.390,13.870,3000000.000,37.500
Brésil,207833823.000,4.289,10080.508,-0.480,60.700,48.030,48.110,3000000.000,0.020
Bulgarie,7102444.000,-3.157,8362.166,0.320,67.850,22.060,37.840,108000000.000,50.230
Burkina Faso,19193234.000,15.822,709.092,-0.930,42.830,2.270,18.900,0.000,0.000
Cabo Verde,537498.000,6.386,3893.096,0.760,56.940,17.620,54.750,12000000.000,92.310
Cambodge,16009409.000,8.315,1809.385,0.090,43.230,2.340,18.960,10000000.000,26.320
Cameroun,24566073.000,14.339,1496.090,-1.090,40.810,3.160,26.380,0.000,0.000
Canada,36732095.000,5.183,44806.656,1.090,72.180,39.020,47.230,182000000.000,11.380
Chili,18470439.000,6.150,14891.261,0.410,57.490,36.360,43.720,155000000.000,17.880
Chypre,1179678.000,3.932,18294.654,0.530,72.600,25.080,34.440,14000000.000,35.900
Colombie,48909839.000,6.151,6479.532,-0.780,65.220,31.990,57.240,78000000.000,4.750
Congo,5110695.000,13.314,2211.633,-0.530,42.390,21.530,53.680,104000000.000,93.690
Costa Rica,4949954.000,5.588,12317.090,0.600,67.850,26.520,49.520,17000000.000,11.330
Côte d'Ivoire,24437470.000,13.414,1964.299,-1.090,45.250,2.530,20.450,7000000.000,10.770
Croatie,4182857.000,-2.631,13868.732,0.680,65.450,10.770,14.300,24000000.000,28.240
Cuba,11339254.000,0.730,8610.639,0.640,63.420,23.720,42.760,312000000.000,91.500
Danemark,5732274.000,2.163,57519.676,0.850,81.600,28.980,40.920,133000000.000,43.460
Djibouti,944099.000,8.750,2618.958,-0.730,40.040,2.680,17.820,3000000.000,100.000
Dominique,71458.000,0.695,7601.848,1.170,59.380,35.190,63.960,4000000.000,100.000
Égypte,96442591.000,11.595,1982.615,-1.430,61.210,12.960,49.300,110000000.000,8.960
El Salvador,6388126.000,2.408,4020.126,-0.260,53.910,20.430,66.940,16000000.000,10.530
Émirats arabes unis,9487203.000,3.781,42289.688,0.600,58.900,43.470,70.090,433000000.000,90.020
Équateur,16785361.000,8.474,6233.322,-0.080,57.420,19.310,42.700,0.000,0.000
Espagne,46647428.000,-0.883,28201.274,0.270,78.390,30.390,30.310,205000000.000,11.920
Estonie,1319390.000,-0.285,20850.881,0.640,64.310,21.260,33.410,21000000.000,51.220
Eswatini,1124805.000,4.217,3803.178,-0.270,40.320,6.460,23.400,2000000.000,25.000
États-Unis d'Amérique,325084756.000,3.516,59036.204,0.260,71.190,55.680,44.870,123000000.000,0.560
Éthiopie,106399924.000,14.745,700.257,-1.680,44.780,0.130,2.410,1000000.000,6.670
Fédération de Russie,145530082.000,1.067,10768.410,-0.640,63.790,30.980,40.440,226000000.000,4.840
Fidji,877459.000,1.432,5826.850,0.590,53.090,28.020,63.910,3000000.000,11.540
Finlande,5511371.000,1.784,46083.495,1.060,78.640,18.760,24.460,16000000.000,11.030
France,64842509.000,2.011,39655.008,0.270,83.950,22.900,27.580,506000000.000,22.430
Gabon,2064823.000,18.011,6921.807,-0.110,45.050,29.330,49.540,76000000.000,95.000
Gambie,2213889.000,16.214,642.523,-0.090,42.420,3.530,45.200,16000000.000,88.890
Géorgie,4008716.000,-1.363,4343.171,-0.380,55.690,15.270,47.970,51000000.000,69.860
Ghana,29121465.000,12.021,2012.970,0.080,49.660,7.240,52.690,151000000.000,71.560
Grèce,10569450.000,-1.963,18633.978,-0.080,73.600,15.320,21.370,79000000.000,24.310
Grenade,110874.000,3.190,9751.433,0.990,50.930,45.700,76.950,7000000.000,87.500
Guatemala,16914970.000,10.767,4324.996,-0.650,52.330,20.580,56.550,129000000.000,35.440
Guinée,12067519.000,13.288,833.599,-0.700,46.620,4.080,31.260,37000000.000,74.000
Guinée-Bissau,1828145.000,13.905,719.300,-0.500,44.670,2.160,12.490,4000000.000,57.140
Guyana,775222.000,2.624,6178.669,-0.050,47.930,38.340,84.790,0.000,0.000
Haïti,10982366.000,7.135,1411.396,-0.680,33.740,8.910,50.600,89000000.000,90.820
Honduras,9429013.000,9.123,2413.008,-0.570,51.510,21.730,65.670,12000000.000,5.850
Hongrie,9729823.000,-1.364,14647.547,0.800,65.010,25.270,31.700,58000000.000,10.530
Îles Salomon,636039.000,14.383,2143.578,0.190,43.220,4.450,37.900,6000000.000,100.000
Inde,1338676785.000,5.759,1930.140,-0.770,30.570,2.220,58.730,0.000,0.000
Indonésie,264650963.000,6.520,3798.883,-0.500,46.920,7.190,61.510,1000000.000,0.040
Iran (République islamique d'),80673883.000,6.796,5924.135,-0.930,58.160,27.520,76.490,6000000.000,0.280
Iraq,37552781.000,17.757,4759.284,-2.300,43.200,14.950,78.440,470000000.000,83.040
Irlande,4753279.000,3.148,72456.033,0.990,78.770,25.820,32.820,99000000.000,47.370
Islande,334393.000,2.684,71982.584,1.340,78.570,29.950,32.910,2000000.000,16.670
Israël,8243848.000,8.259,42868.670,-0.890,75.010,67.390,69.470,0.000,0.000
Italie,60673701.000,1.326,32633.061,0.290,76.960,18.880,23.320,97000000.000,6.870
Jamaïque,2920848.000,2.770,5259.314,0.300,58.580,51.100,86.670,31000000.000,19.500
Japon,127502725.000,-0.717,38805.725,1.100,74.690,18.500,37.500,1069000000.000,32.550
Jordanie,9785843.000,20.963,4065.618,-0.430,62.200,28.070,74.040,64000000.000,23.360
Kazakhstan,18080019.000,7.931,8943.084,0.020,54.560,18.270,28.160,174000000.000,50.430
Kenya,50221142.000,13.255,1667.484,-1.130,47.250,0.670,4.200,0.000,0.000
Kirghizistan,6189733.000,10.107,1279.825,-0.360,54.860,3.100,10.170,25000000.000,78.120
Kiribati,114158.000,7.322,1853.059,0.860,55.260,17.980,60.030,1000000.000,50.000
Koweït,4056099.000,21.119,29048.568,-0.050,62.280,46.250,68.920,137000000.000,70.980
Lesotho,2091534.000,3.799,1069.366,-0.190,33.780,7.930,40.600,15000000.000,88.240
Lettonie,1951097.000,-5.699,15129.801,0.450,66.120,20.890,30.400,43000000.000,56.580
Liban,6819373.000,23.146,8608.655,-1.620,61.080,10.740,44.820,13000000.000,16.880
Libéria,4702226.000,13.700,660.846,-0.320,41.620,10.670,58.370,48000000.000,76.190
Lituanie,2845414.000,-6.572,16879.282,0.770,69.330,28.190,34.690,44000000.000,27.160
Luxembourg,591910.000,11.501,110163.749,1.310,79.120,18.330,22.900,11000000.000,100.000
Macédoine du Nord,2081996.000,0.372,5825.744,-0.260,61.060,19.730,53.880,40000000.000,95.240
Madagascar,25570512.000,14.427,491.867,-0.300,33.730,2.870,23.260,0.000,0.000
Malaisie,31104646.000,7.006,9862.549,0.110,59.220,39.210,74.130,68000000.000,3.790
Malawi,17670196.000,14.771,495.770,-0.250,49.210,5.170,25.410,0.000,0.000
Maldives,496402.000,24.964,10509.629,0.220,52.140,13.500,65.500,12000000.000,100.000
Mali,18512430.000,15.851,775.537,-1.900,43.710,2.830,11.950,1000000.000,2.040
Malte,437933.000,3.823,30265.588,1.240,80.900,27.170,33.120,9000000.000,69.230
Maroc,35581255.000,7.037,3344.221,-0.380,63.470,20.960,59.700,3000000.000,0.390
Maurice,1264499.000,0.878,10625.230,0.960,56.630,37.930,74.530,2000000.000,4.000
Mauritanie,4282570.000,15.540,1615.004,-0.630,39.240,5.140,16.550,24000000.000,82.760
Mexique,124777324.000,6.398,9649.278,-0.810,59.690,32.520,50.130,972000000.000,23.030
Mongolie,3113786.000,10.234,3698.292,0.780,57.510,2.770,3.130,10000000.000,100.000
Monténégro,627563.000,0.262,7831.796,-0.060,61.330,15.980,21.890,8000000.000,66.670
Mozambique,28649018.000,15.229,470.939,-0.920,46.370,3.590,38.270,24000000.000,20.690
Myanmar,53382523.000,3.829,1242.915,-1.080,45.320,30.370,52.150,3000000.000,0.180
Namibie,2402633.000,9.470,5140.908,0.620,58.460,11.530,37.750,29000000.000,72.500
Népal,27632681.000,2.384,1051.114,-0.580,31.440,1.990,14.690,0.000,0.000
Nicaragua,6384846.000,6.725,2182.614,-0.050,55.040,21.590,70.050,6000000.000,4.030
Niger,21602382.000,21.394,521.804,-1.260,35.740,0.940,7.370,3000000.000,13.640
Nigéria,190873244.000,14.139,1876.335,-2.000,54.760,1.010,14.130,0.000,0.000
Norvège,5296326.000,5.637,76134.226,1.150,77.490,19.050,28.230,2000000.000,1.940
Nouvelle-Zélande,4702034.000,5.227,42920.900,1.560,75.960,34.790,34.480,1000000.000,0.450
Oman,4665928.000,33.387,17820.037,0.750,51.320,21.630,49.910,126000000.000,94.740
Ouganda,41166588.000,19.121,786.347,-0.570,44.280,1.520,15.690,0.000,0.000
Pakistan,207906209.000,11.013,1509.969,-2.400,37.500,5.860,34.760,2000000.000,0.160
Panama,4106769.000,8.915,15677.837,0.380,62.710,33.820,52.020,20000000.000,9.170
Pays-Bas,17021347.000,1.367,48987.318,0.910,75.460,20.330,26.820,608000000.000,35.600
Pérou,31444298.000,6.566,6736.166,-0.260,61.920,13.470,55.200,60000000.000,3.930
Philippines,105172925.000,8.189,3038.121,-1.190,57.650,13.870,37.460,249000000.000,16.370
Pologne,37953180.000,-0.716,13811.456,0.510,64.110,30.300,34.160,55000000.000,2.290
Portugal,10288527.000,-2.259,21378.988,1.110,71.910,30.580,32.510,82000000.000,18.510
République centrafricaine,4596023.000,3.598,432.324,-1.990,36.420,2.290,6.380,4000000.000,36.360
République de Corée,51096415.000,2.069,33216.558,0.380,62.300,16.700,23.620,137000000.000,14.050
République de Moldova,4059684.000,-0.396,2979.305,-0.310,51.970,16.140,42.340,16000000.000,22.860
République dominicaine,10513104.000,5.862,7499.693,0.150,64.710,35.260,63.820,42000000.000,11.020
République-Unie de Tanzanie,54660339.000,16.168,983.367,-0.570,50.830,1.880,20.390,2000000.000,1.870
Roumanie,19653969.000,-2.835,10673.123,0.050,64.780,19.370,30.310,146000000.000,27.140
Royaume-Uni de Grande-Bretagne et d'Irlande du Nord,66727461.000,3.413,40392.718,0.380,79.890,31.940,39.970,779000000.000,30.040
Rwanda,11980961.000,13.567,758.278,0.080,43.680,1.490,16.390,0.000,0.000
Sainte-Lucie,180954.000,2.439,11333.112,0.970,56.180,56.690,62.370,10000000.000,90.910
Saint-Vincent-et-les Grenadines,109827.000,1.284,7988.027,0.870,66.480,72.310,79.430,9000000.000,100.000
Samoa,195352.000,3.312,4292.268,1.160,54.500,64.770,67.010,17000000.000,100.000
Sao Tomé-et-Principe,207089.000,9.918,1829.241,0.180,54.010,9.470,63.990,2000000.000,66.670
Sénégal,15419355.000,15.053,1356.806,-0.060,49.520,4.760,33.710,0.000,0.000
Serbie,8829628.000,-1.236,6245.716,0.080,57.490,10.160,19.000,12000000.000,12.370
Sierra Leone,7488423.000,11.558,705.022,-0.040,42.540,3.970,48.120,14000000.000,45.160
Slovaquie,5447900.000,0.610,17656.994,0.900,70.600,13.900,23.420,63000000.000,47.010
Slovénie,2076394.000,0.902,23348.025,0.870,67.570,24.410,31.950,20000000.000,21.740
Soudan,40813397.000,12.764,2857.889,-1.970,51.490,1.600,7.480,2000000.000,2.900
Sri Lanka,21128032.000,2.900,4272.831,-0.080,60.610,7.780,86.160,0.000,0.000
Suède,9904896.000,3.794,53299.992,0.970,80.510,16.600,21.540,84000000.000,34.850
Suisse,8455804.000,5.592,82236.980,1.240,87.420,15.720,23.280,51000000.000,35.920
Suriname,570496.000,5.404,6049.521,0.120,54.200,31.060,73.270,18000000.000,64.290
Tadjikistan,8880268.000,12.768,829.457,-0.670,47.850,4.450,27.020,38000000.000,95.000
Tchad,15016753.000,17.458,854.461,-1.290,45.340,0.450,1.700,1000000.000,14.290
Tchéquie,10641034.000,0.565,21018.537,0.990,67.680,21.960,26.530,116000000.000,41.580
Thaïlande,69209810.000,2.025,6413.092,-0.750,49.880,12.950,47.300,2000000.000,0.120
Timor-Leste,1243258.000,9.732,1276.827,0.070,49.540,4.240,13.460,11000000.000,91.670
Togo,7698474.000,13.651,792.766,-0.870,41.780,7.060,56.120,16000000.000,28.570
Trinité-et-Tobago,1384059.000,2.918,16500.669,0.270,67.360,54.540,79.450,23000000.000,27.380
Tunisie,11433443.000,5.406,3619.032,-1.020,62.350,17.030,60.070,0.000,0.000
Turquie,81116450.000,8.661,10338.838,-1.790,52.960,20.640,53.110,3000000.000,0.140
Turkménistan,5757667.000,9.297,5828.482,-0.130,66.100,4.520,7.510,9000000.000,31.030
Ukraine,44487709.000,-2.125,2466.995,-1.870,52.870,22.620,48.210,121000000.000,9.080
Uruguay,3436641.000,1.707,19184.663,1.040,64.650,9.120,15.810,3000000.000,8.330
Vanuatu,285510.000,14.433,3159.861,0.680,44.550,11.660,32.370,4000000.000,80.000
Venezuela (République bolivarienne du),29402484.000,0.142,8082.724,-1.250,63.890,20.280,49.540,25000000.000,4.000
Viet Nam,94600648.000,5.344,2956.110,0.210,46.960,12.330,19.470,291000000.000,24.070
Zambie,16853599.000,16.512,1485.020,0.140,50.970,3.420,26.090,12000000.000,19.670
Zimbabwe,14236595.000,8.551,1487.978,-0.710,43.410,4.680,26.500,6000000.000,8.000
